instr,addr,pipe,call_count,cycles,running_time(us),detail
STP_XI_XJ_XN,0x1168ba4c,SCALAR,1,553,0.000000,"dtype:B64,XI:X4=0x10000,XJ:X3=0x207950,XN:X1=0x207e20,IMM:0,"
ST_XD_XN_IMM,0x1168ba70,SCALAR,1,548,0.000000,"dtype:B8,XD:X4=0x4,XN:X30=0x207c20,IMM:0x210,"
ST_XD_XN_IMM,0x1168ba68,SCALAR,1,545,0.000000,"dtype:B64,XD:X3=0x2078a8,XN:X1=0x200008,IMM:0,"
STI_XN_IMM,0x1168b9fc,SCALAR,1,527,0.000000,"dtype:B8,XN:X30=0x207c20,IMM:0xd20,#POST:0,#IMM_TYPE:ZERO,"
STP_XI_XJ_XN,0x1168be60,SCALAR,1,513,0.000000,"dtype:B32,XI:X5=0x4000,XJ:X0=0x2c000,XN:X8=0x207800,IMM:0,"
ST_XD_XN_IMM,0x1168be68,SCALAR,1,513,0.000000,"dtype:B64,XD:X4=0x207970,XN:X30=0x207c20,IMM:0xbe8,"
ST_XD_XN_IMM,0x1168be6c,SCALAR,1,513,0.000000,"dtype:B8,XD:X6=0x9,XN:X30=0x207c20,IMM:0xbf0,"
LDP_XI_XJ_XN,0x1168b920,SCALAR,1,389,0.000000,"dtype:B64,XI:X7=0,XJ:X3=0,XN:X3=0x106b7e20,IMM:0,"
LD_XD_XN_IMM,0x1168b91c,SCALAR,1,388,0.000000,"dtype:B16,XD:X1=0,XN:X0=0x106b7e00,IMM:0x74,"
LD_XD_XN_IMM,0x1168b924,SCALAR,1,387,0.000000,"dtype:B16,XD:X31=0,XN:X0=0x106b7e00,IMM:0x70,"
ST_XD_XN_IMM,0x1168ba40,SCALAR,1,300,0.000000,"dtype:B32,XD:X4=0x10000,XN:X30=0x207c20,IMM:0xd00,"
ST_XD_XN_IMM,0x1168ba24,SCALAR,1,296,0.000000,"dtype:B8,XD:X3=0x2,XN:X30=0x207c20,IMM:0x1b0,"
STP_XI_XJ_XN,0x1168ba14,SCALAR,1,296,0.000000,"dtype:B64,XI:X4=0x10000,XJ:X3=0x207940,XN:X2=0x207dc0,IMM:0,"
STI_XN_IMM,0x1168b998,SCALAR,1,292,0.000000,"dtype:B64,XN:X30=0x207c20,IMM:0xc88,#POST:0,#IMM_TYPE:ZERO,"
STP_XI_XJ_XN,0x1168b99c,SCALAR,1,292,0.000000,"dtype:B64,XI:X0=0,XJ:X0=0,XN:X2=0x2078c0,IMM:0x30,"
STP_XI_XJ_XN,0x1168bacc,SCALAR,1,292,0.000000,"dtype:B64,XI:X4=0x30000,XJ:X2=0x207970,XN:X1=0x207ee0,IMM:0,"
ST_XD_XN_IMM,0x1168bad8,SCALAR,1,291,0.000000,"dtype:B8,XD:X2=0x9,XN:X30=0x207c20,IMM:0x2d0,"
ST_XD_XN_IMM,0x1168ba9c,SCALAR,1,291,0.000000,"dtype:B8,XD:X2=0x7,XN:X30=0x207c20,IMM:0x270,"
STP_XI_XJ_XN,0x1168ba98,SCALAR,1,291,0.000000,"dtype:B64,XI:X4=0x20000,XJ:X3=0x207960,XN:X1=0x207e80,IMM:0,"
ST_XD_XN_IMM,0x1168b9e0,SCALAR,1,291,0.000000,"dtype:B32,XD:X4=0x80000,XN:X30=0x207c20,IMM:0xd18,"
STI_XN_IMM,0x1168b9c8,SCALAR,1,291,0.000000,"dtype:B32,XN:X30=0x207c20,IMM:0x114,#POST:0,#IMM_TYPE:ALL_ONE,"
STI_XN_IMM,0x1168b9c4,SCALAR,1,291,0.000000,"dtype:B32,XN:X30=0x207c20,IMM:0x118,#POST:0,#IMM_TYPE:ALL_ONE,"
STI_XN_IMM,0x1168b9c0,SCALAR,1,291,0.000000,"dtype:B32,XN:X30=0x207c20,IMM:0x110,#POST:0,#IMM_TYPE:ALL_ONE,"
ST_XD_XN_IMM,0x1168bd40,SCALAR,1,290,0.000000,"dtype:B32,XD:X0=0x30000,XN:X30=0x207c20,IMM:0x940,"
ST_XD_XN_IMM,0x1168bd44,SCALAR,1,290,0.000000,"dtype:B32,XD:X3=0,XN:X4=0x207564,IMM:0,"
STP_XI_XJ_XN,0x1168be20,SCALAR,1,289,0.000000,"dtype:B32,XI:X9=0xe000,XJ:X8=0x22000,XN:X12=0x207680,IMM:0,"
ST_XD_XN_IMM,0x1168b948,SCALAR,1,289,0.000000,"dtype:B64,XD:X1=0x1168a600,XN:X30=0x207c20,IMM:0x878,"
ST_XD_XN_IMM,0x1168bd5c,SCALAR,1,288,0.000000,"dtype:B8,XD:X2=0x9,XN:X30=0x207c20,IMM:0x950,"
ST_XD_XN_IMM,0x1168bd58,SCALAR,1,288,0.000000,"dtype:B64,XD:X1=0x207970,XN:X30=0x207c20,IMM:0x948,"
STP_XI_XJ_XN,0x1168be34,SCALAR,1,288,0.000000,"dtype:B32,XI:X9=0xa000,XJ:X8=0x26000,XN:X12=0x207740,IMM:0,"
STP_XI_XJ_XN,0x1168bd60,SCALAR,1,288,0.000000,"dtype:B32,XI:X6=0x10000,XJ:X4=0x20000,XN:X9=0x207620,IMM:0,"
ST_XD_XN_IMM,0x1168b984,SCALAR,1,288,0.000000,"dtype:B32,XD:X2=0x7ff80,XN:X30=0x207c20,IMM:0x138,"
ST_XD_XN_IMM,0x1168bda0,SCALAR,1,288,0.000000,"dtype:B64,XD:X1=0x207970,XN:X30=0x207c20,IMM:0xb88,"
ST_XD_XN_IMM,0x1168b930,SCALAR,1,288,0.000000,"dtype:B64,XD:X3=0x11689600,XN:X30=0x207c20,IMM:0x918,"
ST_XD_XN_IMM,0x1168bda4,SCALAR,1,288,0.000000,"dtype:B8,XD:X2=0x9,XN:X30=0x207c20,IMM:0xb90,"
STP_XI_XJ_XN,0x1168bd9c,SCALAR,1,288,0.000000,"dtype:B32,XI:X0=0x8000,XJ:X3=0x28000,XN:X4=0x2077a0,IMM:0,"
STP_XI_XJ_XN,0x1168bd7c,SCALAR,1,287,0.000000,"dtype:B32,XI:X6=0xc000,XJ:X4=0x24000,XN:X9=0x2076e0,IMM:0,"
ST_XD_XN_IMM,0x1168bd74,SCALAR,1,286,0.000000,"dtype:B64,XD:X1=0x207970,XN:X30=0x207c20,IMM:0xa08,"
ST_XD_XN_IMM,0x1168bd78,SCALAR,1,286,0.000000,"dtype:B8,XD:X2=0x9,XN:X30=0x207c20,IMM:0xa10,"
STP_XI_XJ_XN,0x1168be08,SCALAR,1,286,0.000000,"dtype:B32,XI:X8=0x20000,XJ:X9=0x10000,XN:X12=0x2075c0,IMM:0,"
STI_XN_IMM,0x1168bd3c,SCALAR,1,286,0.000000,"dtype:B64,XN:X30=0x207c20,IMM:0xc58,#POST:0,#IMM_TYPE:ZERO,"
ST_XD_XN_IMM,0x1168b928,SCALAR,1,286,0.000000,"dtype:B16,XD:X1=0xad69,XN:X30=0x207c20,IMM:0x8be,"
ST_XD_XN_IMM,0x1168bd94,SCALAR,1,285,0.000000,"dtype:B64,XD:X1=0x207970,XN:X30=0x207c20,IMM:0xac8,"
ST_XD_XN_IMM,0x1168bd98,SCALAR,1,285,0.000000,"dtype:B8,XD:X2=0x9,XN:X30=0x207c20,IMM:0xad0,"
STI_XN_IMM,0x1168ba38,SCALAR,1,283,0.000000,"dtype:B32,XN:X30=0x207c20,IMM:0xd3c,#POST:0,#IMM_TYPE:ALL_ONE,"
ST_XD_XN_IMM,0x1168be58,SCALAR,1,282,0.000000,"dtype:B64,XD:X4=0x207970,XN:X30=0x207c20,IMM:0xb28,"
ST_XD_XN_IMM,0x1168ba48,SCALAR,1,282,0.000000,"dtype:B32,XD:X4=0x10000,XN:X30=0x207c20,IMM:0xd38,"
ST_XD_XN_IMM,0x1168be5c,SCALAR,1,282,0.000000,"dtype:B8,XD:X6=0x9,XN:X30=0x207c20,IMM:0xb30,"
ST_XD_XN_IMM,0x1168be54,SCALAR,1,281,0.000000,"dtype:B8,XD:X6=0x9,XN:X30=0x207c20,IMM:0xa70,"
ST_XD_XN_IMM,0x1168be50,SCALAR,1,281,0.000000,"dtype:B64,XD:X4=0x207970,XN:X30=0x207c20,IMM:0xa68,"
ST_XD_XN_IMM,0x1168b938,SCALAR,1,280,0.000000,"dtype:B64,XD:X1=0x1168a000,XN:X30=0x207c20,IMM:0x8b0,"
STI_XN_IMM,0x1168ba08,SCALAR,1,276,0.000000,"dtype:B32,XN:X30=0x207c20,IMM:0xd2c,#POST:0,#IMM_TYPE:ALL_ONE,"
STI_XN_IMM,0x1168ba04,SCALAR,1,276,0.000000,"dtype:B32,XN:X30=0x207c20,IMM:0xd24,#POST:0,#IMM_TYPE:ZERO,"
STI_XN_IMM,0x1168ba00,SCALAR,1,276,0.000000,"dtype:B16,XN:X30=0x207c20,IMM:0xd22,#POST:0,#IMM_TYPE:ALL_ONE,"
ST_XD_XN_IMM,0x1168be4c,SCALAR,1,276,0.000000,"dtype:B8,XD:X6=0x9,XN:X30=0x207c20,IMM:0x9b0,"
ST_XD_XN_IMM,0x1168be48,SCALAR,1,276,0.000000,"dtype:B64,XD:X4=0x207970,XN:X30=0x207c20,IMM:0x9a8,"
ST_XD_XN_IMM,0x1168ba10,SCALAR,1,275,0.000000,"dtype:B32,XD:X4=0x10000,XN:X30=0x207c20,IMM:0xd28,"
STI_XN_IMM,0x1168b990,SCALAR,1,274,0.000000,"dtype:B32,XN:X30=0x207c20,IMM:0xcf0,#POST:0,#IMM_TYPE:ZERO,"
STI_XN_IMM,0x1168b994,SCALAR,1,274,0.000000,"dtype:B64,XN:X30=0x207c20,IMM:0xd08,#POST:0,#IMM_TYPE:ZERO,"
STI_XN_IMM,0x1168ba34,SCALAR,1,273,0.000000,"dtype:B32,XN:X30=0x207c20,IMM:0xd34,#POST:0,#IMM_TYPE:ZERO,"
STI_XN_IMM,0x1168ba30,SCALAR,1,273,0.000000,"dtype:B16,XN:X30=0x207c20,IMM:0xd32,#POST:0,#IMM_TYPE:ALL_ONE,"
STI_XN_IMM,0x1168ba28,SCALAR,1,273,0.000000,"dtype:B8,XN:X30=0x207c20,IMM:0xd30,#POST:0,#IMM_TYPE:ZERO,"
STP_XI_XJ_XN,0x1168b9e4,SCALAR,1,268,0.000000,"dtype:B64,XI:X4=0x80000,XJ:X3=0x207930,XN:X2=0x207d60,IMM:0,"
STP_XI_XJ_XN,0x1168b9b4,SCALAR,1,268,0.000000,"dtype:B64,XI:X0=0,XJ:X0=0,XN:X2=0x207900,IMM:0,"
ST_XD_XN_IMM,0x1168bdac,SCALAR,1,267,0.000000,"dtype:B32,XD:X8=0x2,XN:X30=0x207c20,IMM:0xc48,"
ST_XD_XN_IMM,0x1168b950,SCALAR,1,267,0.000000,"dtype:B64,XD:X1=0x11549400,XN:X30=0x207c20,IMM:0x8a8,"
STI_XN_IMM,0x1168bdb8,SCALAR,1,266,0.000000,"dtype:B32,XN:X30=0x207c20,IMM:0xc40,#POST:0,#IMM_TYPE:ZERO,"
STI_XN_IMM,0x1168b9f8,SCALAR,1,266,0.000000,"dtype:B8,XN:X30=0x207c20,IMM:0x150,#POST:0,#IMM_TYPE:ONE,"
ST_XD_XN_IMM,0x1168b9dc,SCALAR,1,264,0.000000,"dtype:B32,XD:X4=0x80000,XN:X30=0x207c20,IMM:0xcf8,"
STI_XN_IMM,0x1168b9d8,SCALAR,1,264,0.000000,"dtype:B32,XN:X30=0x207c20,IMM:0xd1c,#POST:0,#IMM_TYPE:ALL_ONE,"
STI_XN_IMM,0x1168b9d4,SCALAR,1,264,0.000000,"dtype:B32,XN:X30=0x207c20,IMM:0xd14,#POST:0,#IMM_TYPE:ZERO,"
STI_XN_IMM,0x1168b9d0,SCALAR,1,264,0.000000,"dtype:B16,XN:X30=0x207c20,IMM:0xd12,#POST:0,#IMM_TYPE:ALL_ONE,"
STI_XN_IMM,0x1168b9cc,SCALAR,1,264,0.000000,"dtype:B8,XN:X30=0x207c20,IMM:0xd10,#POST:0,#IMM_TYPE:ZERO,"
ST_XD_XN_IMM,0x1168bdd0,SCALAR,1,264,0.000000,"dtype:B32,XD:X1=0x3,XN:X30=0x207c20,IMM:0xc4c,"
STP_XI_XJ_XN,0x1168bdc8,SCALAR,1,264,0.000000,"dtype:B32,XI:X3=0,XJ:X4=0x1,XN:X6=0x207870,IMM:0,"
STP_XI_XJ_XN,0x1168b9a0,SCALAR,1,262,0.000000,"dtype:B64,XI:X0=0,XJ:X0=0,XN:X2=0x2078c0,IMM:0,"
STP_XI_XJ_XN,0x1168b9b0,SCALAR,1,262,0.000000,"dtype:B64,XI:X0=0,XJ:X0=0,XN:X2=0x207900,IMM:0x30,"
STP_XI_XJ_XN,0x1168b9ac,SCALAR,1,262,0.000000,"dtype:B64,XI:X0=0,XJ:X0=0,XN:X3=0x2078e0,IMM:0,"
STP_XI_XJ_XN,0x1168b9a4,SCALAR,1,262,0.000000,"dtype:B64,XI:X0=0,XJ:X0=0,XN:X3=0x2078e0,IMM:0x30,"
ST_XD_XN_IMM,0x1168b964,SCALAR,1,259,0.000000,"dtype:B64,XD:X0=0x40000000280,XN:X30=0x207c20,IMM:0x8c8,"
LD_XD_XN_IMM,0x1168e10c,SCALAR,1,257,0.000000,"dtype:B64,XD:X16=0,XN:X17=0x108000,IMM:0xff0,"
BAR,0x1168bd18,ALL,1,179,0.000000,"PIPE:ALL"
STI_XN_IMM,0x1168be70,SCALAR,1,44,0.000000,"dtype:B32,XN:X30=0x207c20,IMM:0xc44,#POST:0,#IMM_TYPE:ONE,"
ST_XD_XN_IMM,0x1168bac4,SCALAR,1,42,0.000000,"dtype:B8,XD:X3=0x5,XN:X30=0x207c20,IMM:0x13c,"
STI_XN_IMM,0x1168bab8,SCALAR,1,39,0.000000,"dtype:B32,XN:X30=0x207c20,IMM:0xd54,#POST:0,#IMM_TYPE:ZERO,"
STI_XN_IMM,0x1168bab4,SCALAR,1,39,0.000000,"dtype:B16,XN:X30=0x207c20,IMM:0xd52,#POST:0,#IMM_TYPE:ALL_ONE,"
STI_XN_IMM,0x1168babc,SCALAR,1,39,0.000000,"dtype:B32,XN:X30=0x207c20,IMM:0xd5c,#POST:0,#IMM_TYPE:ALL_ONE,"
STI_XN_IMM,0x1168badc,SCALAR,1,38,0.000000,"dtype:B8,XN:X30=0x207c20,IMM:0x13d,#POST:0,#IMM_TYPE:ONE,"
ST_XD_XN_IMM,0x1168bac8,SCALAR,1,37,0.000000,"dtype:B32,XD:X4=0x30000,XN:X30=0x207c20,IMM:0xd58,"
ST_XD_XN_IMM,0x1168e120,SCALAR,1,37,0.000000,"dtype:B64,XD:X16=0,XN:X17=0x108000,IMM:0xff0,"
ST_XD_XN_IMM,0x1168beb8,SCALAR,1,37,0.000000,"dtype:B64,XD:X2=0x2,XN:X30=0x207c20,IMM:0x8c0,"
LD_XD_XN_IMM,0x1168bb0c,SCALAR,5,32,0.010000,"dtype:B8,XD:X2=0,XN:X1=0x207933,IMM:0,"
ST_XD_XN_IMM,0x1168ba0c,SCALAR,1,32,0.000000,"dtype:B32,XD:X4=0x10000,XN:X30=0x207c20,IMM:0xcfc,"
ST_XD_XN_IMM,0x1168ba90,SCALAR,1,32,0.000000,"dtype:B32,XD:X4=0x20000,XN:X30=0x207c20,IMM:0xd04,"
ST_XD_XN_IMM,0x1168bac0,SCALAR,1,24,0.000000,"dtype:B32,XD:X4=0x30000,XN:X30=0x207c20,IMM:0xcf4,"
DCCI,0x1168e180,FLOWCTRL,1,20,0.000000,"XN:X15=0,"
DIV,0x1168be9c,SCALAR,1,20,0.000000,"dtype:S64,XD:X15=0x4,XN:X3=0x8,XM:X0=0x2,"
STI_XN_IMM,0x1168ba8c,SCALAR,1,19,0.000000,"dtype:B32,XN:X30=0x207c20,IMM:0xd4c,#POST:0,#IMM_TYPE:ALL_ONE,"
STI_XN_IMM,0x1168ba88,SCALAR,1,19,0.000000,"dtype:B32,XN:X30=0x207c20,IMM:0xd44,#POST:0,#IMM_TYPE:ZERO,"
STI_XN_IMM,0x1168ba84,SCALAR,1,19,0.000000,"dtype:B16,XN:X30=0x207c20,IMM:0xd42,#POST:0,#IMM_TYPE:ALL_ONE,"
STI_XN_IMM,0x1168ba80,SCALAR,1,19,0.000000,"dtype:B8,XN:X30=0x207c20,IMM:0xd40,#POST:0,#IMM_TYPE:ZERO,"
ST_XD_XN_IMM,0x1168ba94,SCALAR,1,18,0.000000,"dtype:B32,XD:X4=0x20000,XN:X30=0x207c20,IMM:0xd48,"
MOVEMASK,0x1168ba20,VECTOR,1,16,0.000000,"XN:X1=0xffffffffffffffff,Id:81"
MOVEMASK,0x1168b908,VECTOR,1,16,0.000000,"XN:X0=0xffffffffffffffff,Id:11"
MOVEMASK,0x1168b90c,VECTOR,1,16,0.000000,"XN:X0=0xffffffffffffffff,Id:12"
MOVEMASK,0x1168ba3c,VECTOR,1,16,0.000000,"XN:X1=0xffffffffffffffff,Id:88"
STI_XN_IMM,0x1168bab0,SCALAR,1,15,0.000000,"dtype:B8,XN:X30=0x207c20,IMM:0xd50,#POST:0,#IMM_TYPE:ZERO,"
LD_XD_XN_IMM,0x1168de58,SCALAR,1,8,0.000000,"dtype:B32,XD:X0=0,XN:X30=0x207c20,IMM:0xc40,"
LDP_XI_XJ_XN,0x1168de64,SCALAR,1,7,0.000000,"dtype:B32,XI:X4=0,XJ:X3=0,XN:X3=0x207864,IMM:0,"
LD_XD_XN_IMM,0x1168bde0,SCALAR,1,5,0.000000,"dtype:B32,XD:X3=0,XN:X30=0x207c20,IMM:0xc4c,"
LD_XD_XN_IMM,0x1168bd34,SCALAR,1,5,0.000000,"dtype:B64,XD:X1=0,XN:X30=0x207c20,IMM:0x2c8,"
CMP_IMM,0x1168bb10,SCALAR,5,5,0.000000,"dtype:S64,XN:X2=0xff,IMM:0xff,cond_op:EQ,"
LDP_XI_XJ_XN,0x1168bdd4,SCALAR,1,5,0.000000,"dtype:B32,XI:X1=0,XJ:X2=0,XN:X2=0x207870,IMM:0,"
LD_XD_XN_IMM,0x1168bdf4,SCALAR,1,5,0.000000,"dtype:B32,XD:X0=0,XN:X30=0x207c20,IMM:0x2c4,"
LD_XD_XN_IMM,0x1168bdb0,SCALAR,1,5,0.000000,"dtype:B32,XD:X0=0,XN:X30=0x207c20,IMM:0xc48,"
ADD_IMM,0x1168bb00,SCALAR,5,5,0.000000,"dtype:S64,XD:X1=0x207943,XN:X1=0x207933,IMM:0x10,"
LD_XD_XN_IMM,0x1168be04,SCALAR,1,5,0.000000,"dtype:B64,XD:X4=0,XN:X30=0x207c20,IMM:0x2c8,"
ZEROEXT,0x1168bafc,SCALAR,5,5,0.000000,"dtype:U8,XD:X4=0x5,XN:X3=0x5,"
ZEROEXT,0x1168baf8,SCALAR,5,5,0.000000,"dtype:U8,XD:X2=0x1,XN:X0=0x1,"
LD_XD_XN_IMM,0x1168be1c,SCALAR,1,5,0.000000,"dtype:B8,XD:X6=0,XN:X30=0x207c20,IMM:0x2d0,"
LD_XD_XN_IMM,0x1168bd38,SCALAR,1,5,0.000000,"dtype:B8,XD:X2=0,XN:X30=0x207c20,IMM:0x2d0,"
ADD_IMM,0x1168baf4,SCALAR,5,5,0.000000,"dtype:S64,XD:X0=0x1,XN:X0=0,IMM:0x1,"
LD_XD_XN_IMM,0x1168bd20,SCALAR,1,5,0.000000,"dtype:B32,XD:X0=0,XN:X30=0x207c20,IMM:0x2c0,"
LDP_XI_XJ_XN,0x1168bd28,SCALAR,1,5,0.000000,"dtype:B32,XI:X5=0,XJ:X3=0,XN:X3=0x207ee0,IMM:0,"
LD_XD_XN_IMM,0x1168b92c,SCALAR,1,5,0.000000,"dtype:B64,XD:X1=0,XN:X0=0x106b7e00,IMM:0x68,"
LD_XD_XN_IMM,0x1168b93c,SCALAR,1,5,0.000000,"dtype:B64,XD:X1=0,XN:X0=0x106b7e00,IMM:0x48,"
LD_XD_XN_IMM,0x1168de94,SCALAR,1,5,0.000000,"dtype:B8,XD:X2=0,XN:X30=0x207c20,IMM:0x13d,"
LDP_XI_XJ_XN,0x1168b954,SCALAR,1,5,0.000000,"dtype:B32,XI:X1=0,XJ:X2=0,XN:X0=0x106b7e00,IMM:0,"
LD_XD_XN_IMM,0x1168b94c,SCALAR,1,5,0.000000,"dtype:B64,XD:X1=0,XN:X0=0x106b7e00,IMM:0x8,"
LD_XD_XN_IMM,0x1168bea0,SCALAR,1,5,0.000000,"dtype:B64,XD:X0=0,XN:X30=0x207c20,IMM:0x8c8,"
LDP_XI_XJ_XN,0x1168de6c,SCALAR,1,5,0.000000,"dtype:B32,XI:X2=0,XJ:X1=0,XN:X1=0x20786c,IMM:0,"
LD_XD_XN_IMM,0x1168de80,SCALAR,1,5,0.000000,"dtype:B32,XD:X1=0,XN:X30=0x207c20,IMM:0xc54,"
LD_XD_XN_IMM,0x1168e124,SCALAR,1,5,0.000000,"dtype:B64,XD:X16=0,XN:X17=0x108000,IMM:0xfe0,"
MADD,0x1168be94,SCALAR,1,3,0.000000,"dtype:S64,XD:X3=0x8,XN:X2=0x2,XM:X0=0x4,"
MADD,0x1168b904,SCALAR,1,3,0.000000,"dtype:S64,XD:X29=0x207f40,XN:X15=0x20,XM:X17=0x8000,"
ADD,0x1168be14,SCALAR,1,1,0.000000,"dtype:S64,XD:X8=0x22000,XN:X0=0,XM:X8=0x22000,"
MOV_XD_IMM,0x1168e108,SCALAR,1,1,0.000000,"XD:X15=0x520,IMM:0x520,"
MOVX8_XD_IMM,0x1168be0c,SCALAR,1,1,0.000000,"XD:X8=0x22000,IMM:0x4400,"
SUB,0x1168be10,SCALAR,1,1,0.000000,"dtype:S64,XD:X9=0xe000,XN:X5=0x30000,XM:X8=0x22000,"
OR,0x1168e118,SCALAR,1,1,0.000000,"dtype:B64,XD:X16=0,XN:X16=0,XM:X14=0,"
SUB_IMM,0x1168be18,SCALAR,1,1,0.000000,"dtype:S64,XD:X12=0x207680,XN:X30=0x207c20,IMM:0x5a0,"
MOVK,0x1168e104,SCALAR,1,1,0.000000,"XD:X17=0x108000,IMM:0x10,UIMM:0x1,"
MOV_XD_IMM,0x1168e100,SCALAR,1,1,0.000000,"XD:X17=0x8000,IMM:0x8000,"
SIGNEXT,0x1168dea0,SCALAR,1,1,0.000000,"dtype:S32,XD:X0=0x1,XN:X1=0x1,"
MOV_XD_SPR,0x1168e110,SCALAR,1,1,0.000000,"XD:X14=0,SPR:STATUS,"
AND,0x1168e114,SCALAR,1,1,0.000000,"dtype:B64,XD:X14=0,XN:X14=0,XM:X15=0x520,"
MOVK,0x1168b8e0,SCALAR,1,1,0.000000,"XD:X29=0x107f40,IMM:0x10,UIMM:0x1,"
MOV_XD_IMM,0x1168e11c,SCALAR,1,1,0.000000,"XD:X15=0,IMM:0,"
ADD,0x1168be00,SCALAR,1,1,0.000000,"dtype:S64,XD:X9=0x10000,XN:X0=0,XM:X1=0x10000,"
CMPN,0x1168e128,SCALAR,1,1,0.000000,"dtype:S64,XD:X14=0,XN:X15=0,XM:X14=0,cond_op:NE,"
SUB_IMM,0x1168bdfc,SCALAR,1,1,0.000000,"dtype:S64,XD:X12=0x2075c0,XN:X30=0x207c20,IMM:0x660,"
SUB,0x1168bdf8,SCALAR,1,1,0.000000,"dtype:S64,XD:X8=0x20000,XN:X5=0x30000,XM:X1=0x10000,"
CMPN,0x1168e12c,SCALAR,1,1,0.000000,"dtype:S64,XD:X16=0x1,XN:X16=0,XM:X15=0,cond_op:EQ,"
AND,0x1168e130,SCALAR,1,1,0.000000,"dtype:B64,XD:X14=0,XN:X14=0,XM:X16=0x1,"
MOVX8_XD_IMM,0x1168bdec,SCALAR,1,1,0.000000,"XD:X1=0x10000,IMM:0x2000,"
MOV_SPR_XN,0x1168e134,SCALAR,1,1,0.000000,"SPR:CONDITION_FLAG,XN:X14=0,"
MOV_XD_IMM,0x1168e178,SCALAR,1,1,0.000000,"XD:X15=0,IMM:0,"
SIGNEXT,0x1168bde8,SCALAR,1,1,0.000000,"dtype:S32,XD:X0=0,XN:X1=0,"
MOV_XD_IMM,0x1168be64,SCALAR,1,1,0.000000,"XD:X0=0x1,IMM:0x1,"
SUB_IMM,0x1168de5c,SCALAR,1,1,0.000000,"dtype:S64,XD:X3=0x207864,XN:X30=0x207c20,IMM:0x3bc,"
SIGNEXT,0x1168be78,SCALAR,1,1,0.000000,"dtype:S32,XD:X0=0x3,XN:X3=0x3,"
SIGNEXT,0x1168be80,SCALAR,1,1,0.000000,"dtype:S32,XD:X0=0x1,XN:X2=0x1,"
MOV_XD_SPR,0x1168be88,SCALAR,1,1,0.000000,"XD:X2=0x2,SPR:SUBBLOCKDIM,"
MOV_XD_SPR,0x1168be8c,SCALAR,1,1,0.000000,"XD:X0=0x4,SPR:BLOCKID,"
MOV_XD_SPR,0x1168be90,SCALAR,1,1,0.000000,"XD:X3=0,SPR:SUBBLOCKID,"
MOV_XD_SPR,0x1168be98,SCALAR,1,1,0.000000,"XD:X0=0x2,SPR:SUBBLOCKDIM,"
ADD_IMM,0x1168bea4,SCALAR,1,1,0.000000,"dtype:S64,XD:X0=0x4000000047f,XN:X0=0x40000000280,IMM:0x1ff,"
ZEROEXT,0x1168bea8,SCALAR,1,1,0.000000,"dtype:U32,XD:X2=0x47f,XN:X0=0x4000000047f,"
SHR,0x1168beac,SCALAR,1,1,0.000000,"dtype:U64,XD:X2=0x2,DATA_SRC:IMM,IMM:0x9,"
ZEROEXT,0x1168beb0,SCALAR,1,1,0.000000,"dtype:U32,XD:X0=0x4,XN:X15=0x4,"
CMP,0x1168beb4,SCALAR,1,1,0.000000,"dtype:U64,XN:X2=0x2,XM:X0=0x4,cond_op:LE,"
MOV_XD_IMM,0x1168bec4,SCALAR,1,1,0.000000,"XD:X0=0x7e2,IMM:0x7e2,"
MOVK,0x1168bec8,SCALAR,1,1,0.000000,"XD:X0=0x7e2,IMM:0,UIMM:0x1,"
MOVK,0x1168becc,SCALAR,1,1,0.000000,"XD:X0=0x7e2,IMM:0,UIMM:0x2,"
MOVX8_XD_IMM,0x1168be24,SCALAR,1,1,0.000000,"XD:X8=0x26000,IMM:0x4c00,"
SUB_IMM,0x1168be44,SCALAR,1,1,0.000000,"dtype:S64,XD:X8=0x207800,XN:X30=0x207c20,IMM:0x420,"
SUB_IMM,0x1168de60,SCALAR,1,1,0.000000,"dtype:S64,XD:X1=0x20786c,XN:X30=0x207c20,IMM:0x3b4,"
ADD,0x1168be40,SCALAR,1,1,0.000000,"dtype:S64,XD:X0=0x2c000,XN:X0=0,XM:X8=0x2c000,"
SUB,0x1168be3c,SCALAR,1,1,0.000000,"dtype:S64,XD:X5=0x4000,XN:X5=0x30000,XM:X8=0x2c000,"
SIGNEXT,0x1168de68,SCALAR,1,1,0.000000,"dtype:S32,XD:X0=0,XN:X0=0,"
SIGNEXT,0x1168de74,SCALAR,1,1,0.000000,"dtype:S32,XD:X0=0x2,XN:X3=0x2,"
SIGNEXT,0x1168de7c,SCALAR,1,1,0.000000,"dtype:S32,XD:X0=0,XN:X1=0,"
MOVX8_XD_IMM,0x1168be38,SCALAR,1,1,0.000000,"XD:X8=0x2c000,IMM:0x5800,"
SIGNEXT,0x1168de88,SCALAR,1,1,0.000000,"dtype:S32,XD:X0=0x1,XN:X4=0x1,"
SUB_IMM,0x1168be30,SCALAR,1,1,0.000000,"dtype:S64,XD:X12=0x207740,XN:X30=0x207c20,IMM:0x4e0,"
ADD,0x1168be2c,SCALAR,1,1,0.000000,"dtype:S64,XD:X8=0x26000,XN:X0=0,XM:X8=0x26000,"
SIGNEXT,0x1168de90,SCALAR,1,1,0.000000,"dtype:S32,XD:X0=0x3,XN:X2=0x3,"
CMP_IMM,0x1168de9c,SCALAR,1,1,0.000000,"dtype:S64,XN:X2=0x1,IMM:0,cond_op:NE,"
SUB,0x1168be28,SCALAR,1,1,0.000000,"dtype:S64,XD:X9=0xa000,XN:X5=0x30000,XM:X8=0x26000,"
ADD_IMM,0x1168ba44,SCALAR,1,1,0.000000,"dtype:S64,XD:X1=0x207e20,XN:X30=0x207c20,IMM:0x200,"
SUB_IMM,0x1168b9bc,SCALAR,1,1,0.000000,"dtype:S64,XD:X3=0x207930,XN:X30=0x207c20,IMM:0x2f0,"
AND,0x1168b8f8,SCALAR,1,1,0.000000,"dtype:B64,XD:X15=0x20,XN:X15=0x20,XM:X16=0x7fff,"
ADD_IMM,0x1168b9e8,SCALAR,1,1,0.000000,"dtype:S64,XD:X2=0x207dc0,XN:X30=0x207c20,IMM:0x1a0,"
SUB_IMM,0x1168b9ec,SCALAR,1,1,0.000000,"dtype:S64,XD:X3=0x207940,XN:X30=0x207c20,IMM:0x2e0,"
MOVX8_XD_IMM,0x1168b9f0,SCALAR,1,1,0.000000,"XD:X4=0x10000,IMM:0x2000,"
MOV_XD_IMM,0x1168b8f4,SCALAR,1,1,0.000000,"XD:X0=0x1,IMM:0x1,"
MOV_XD_IMM,0x1168b9f4,SCALAR,1,1,0.000000,"XD:X1=0x1,IMM:0x1,"
MOV_XD_IMM,0x1168ba18,SCALAR,1,1,0.000000,"XD:X3=0x2,IMM:0x2,"
NEG,0x1168ba1c,SCALAR,1,1,0.000000,"dtype:S64,XD:X1=0xffffffffffffffff,XN:X1=0x1,"
SUB_IMM,0x1168ba2c,SCALAR,1,1,0.000000,"dtype:S64,XD:X3=0x207950,XN:X30=0x207c20,IMM:0x2d0,"
ADD_IMM,0x1168b9b8,SCALAR,1,1,0.000000,"dtype:S64,XD:X2=0x207d60,XN:X30=0x207c20,IMM:0x140,"
SUB_IMM,0x1168ba50,SCALAR,1,1,0.000000,"dtype:S64,XD:X1=0x207490,XN:X30=0x207c20,IMM:0x790,"
SHR,0x1168ba54,SCALAR,1,1,0.000000,"dtype:U64,XD:X1=0x40,DATA_SRC:IMM,IMM:0xf,"
SHL,0x1168ba58,SCALAR,1,1,0.000000,"dtype:B64,XD:X1=0x200000,DATA_SRC:IMM,IMM:0xf,"
ADD_IMM,0x1168ba5c,SCALAR,1,1,0.000000,"dtype:S64,XD:X1=0x200008,XN:X1=0x200000,IMM:0x8,"
SUB_IMM,0x1168ba60,SCALAR,1,1,0.000000,"dtype:S64,XD:X3=0x2078a8,XN:X30=0x207c20,IMM:0x378,"
MOV_XD_IMM,0x1168ba64,SCALAR,1,1,0.000000,"XD:X4=0x4,IMM:0x4,"
MOV_XD_IMM,0x1168ba6c,SCALAR,1,1,0.000000,"XD:X2=0x7,IMM:0x7,"
ADD_IMM,0x1168ba74,SCALAR,1,1,0.000000,"dtype:S64,XD:X1=0x207e80,XN:X30=0x207c20,IMM:0x260,"
MOV_XD_IMM,0x1168b8f0,SCALAR,1,1,0.000000,"XD:X16=0x7fff,IMM:0x7fff,"
MOV_XD_SPR,0x1168b914,SCALAR,1,1,0.000000,"XD:X0=0x106b7e00,SPR:PARA_BASE,"
SHL,0x1168b958,SCALAR,1,1,0.000000,"dtype:B64,XD:X2=0x40000000000,DATA_SRC:IMM,IMM:0x20,"
MOVK,0x1168b944,SCALAR,1,1,0.000000,"XD:X4=0x80000,IMM:0x8,UIMM:0x1,"
OR,0x1168b95c,SCALAR,1,1,0.000000,"dtype:B64,XD:X0=0x40000000280,XN:X2=0x40000000000,XM:X1=0x280,"
MOV_XD_IMM,0x1168b960,SCALAR,1,1,0.000000,"XD:X1=0,IMM:0,"
SUB_IMM,0x1168b940,SCALAR,1,1,0.000000,"dtype:S64,XD:X3=0x2078e0,XN:X30=0x207c20,IMM:0x340,"
MOV_XD_SPR,0x1168b968,SCALAR,1,1,0.000000,"XD:X0=0,SPR:CTRL,"
INSERT_XD_XN,0x1168b96c,SCALAR,1,1,0.000000,"XD:X0=0,XN:X1=0,IMM:0x6,UIMM:0x2,"
MOV_XD_IMM,0x1168b934,SCALAR,1,1,0.000000,"XD:X4=0,IMM:0,"
ADD_IMM,0x1168b918,SCALAR,1,1,0.000000,"dtype:S64,XD:X3=0x106b7e20,XN:X0=0x106b7e00,IMM:0x20,"
SUB_IMM,0x1168ba78,SCALAR,1,1,0.000000,"dtype:S64,XD:X3=0x207960,XN:X30=0x207c20,IMM:0x2c0,"
MOV_XD_SPR,0x1168b974,SCALAR,1,1,0.000000,"XD:X0=0,SPR:CTRL,"
MOVX8_XD_IMM,0x1168b978,SCALAR,1,1,0.000000,"XD:X2=0x7ff80,IMM:0xfff0,"
SUB_IMM,0x1168b910,SCALAR,1,1,0.000000,"dtype:S64,XD:X30=0x207c20,XN:X29=0x207f40,IMM:0x320,"
INSERT_XD,0x1168b97c,SCALAR,1,1,0.000000,"XD:X0=0,IMM:0,POSITION:0x38,EXT:0,"
NEG,0x1168b900,SCALAR,1,1,0.000000,"dtype:S64,XD:X0=0xffffffffffffffff,XN:X0=0x1,"
MOV_XD_IMM,0x1168b8fc,SCALAR,1,1,0.000000,"XD:X17=0x8000,IMM:0x8000,"
MOV_XD_IMM,0x1168b988,SCALAR,1,1,0.000000,"XD:X0=0,IMM:0,"
SUB_IMM,0x1168b98c,SCALAR,1,1,0.000000,"dtype:S64,XD:X2=0x2078c0,XN:X30=0x207c20,IMM:0x360,"
SUB_IMM,0x1168b9a8,SCALAR,1,1,0.000000,"dtype:S64,XD:X2=0x207900,XN:X30=0x207c20,IMM:0x320,"
ADD,0x1168bd8c,SCALAR,1,1,0.000000,"dtype:S64,XD:X3=0x28000,XN:X3=0,XM:X4=0x28000,"
ADD,0x1168bd50,SCALAR,1,1,0.000000,"dtype:S64,XD:X4=0x20000,XN:X3=0,XM:X4=0x20000,"
SUB_IMM,0x1168bd54,SCALAR,1,1,0.000000,"dtype:S64,XD:X9=0x207620,XN:X30=0x207c20,IMM:0x600,"
MOVX8_XD_IMM,0x1168bd64,SCALAR,1,1,0.000000,"XD:X4=0x24000,IMM:0x4800,"
SUB,0x1168bd68,SCALAR,1,1,0.000000,"dtype:S64,XD:X6=0xc000,XN:X0=0x30000,XM:X4=0x24000,"
ADD,0x1168bd6c,SCALAR,1,1,0.000000,"dtype:S64,XD:X4=0x24000,XN:X3=0,XM:X4=0x24000,"
SUB_IMM,0x1168bd70,SCALAR,1,1,0.000000,"dtype:S64,XD:X9=0x2076e0,XN:X30=0x207c20,IMM:0x540,"
MOVX8_XD_IMM,0x1168bd80,SCALAR,1,1,0.000000,"XD:X4=0x28000,IMM:0x5000,"
MOV_XD_IMM,0x1168bd84,SCALAR,1,1,0.000000,"XD:X8=0x2,IMM:0x2,"
SUB,0x1168bd88,SCALAR,1,1,0.000000,"dtype:S64,XD:X0=0x8000,XN:X0=0x30000,XM:X4=0x28000,"
MOV_XD_SPR,0x1168b8ec,SCALAR,1,1,0.000000,"XD:X15=0x20,SPR:COREID,"
SUB_IMM,0x1168bd90,SCALAR,1,1,0.000000,"dtype:S64,XD:X4=0x2077a0,XN:X30=0x207c20,IMM:0x480,"
MOV_XD_IMM,0x1168bda8,SCALAR,1,1,0.000000,"XD:X1=0x3,IMM:0x3,"
SUB_IMM,0x1168bdb4,SCALAR,1,1,0.000000,"dtype:S64,XD:X2=0x207870,XN:X30=0x207c20,IMM:0x3b0,"
MOV_XD_IMM,0x1168bdbc,SCALAR,1,1,0.000000,"XD:X3=0,IMM:0,"
MOV_XD_IMM,0x1168bdc0,SCALAR,1,1,0.000000,"XD:X4=0x1,IMM:0x1,"
SUB_IMM,0x1168bdc4,SCALAR,1,1,0.000000,"dtype:S64,XD:X6=0x207870,XN:X30=0x207c20,IMM:0x3b0,"
MOV_XD_IMM,0x1168b8dc,SCALAR,1,1,0.000000,"XD:X29=0x7f40,IMM:0x7f40,"
MOV_XD_IMM,0x1168bdcc,SCALAR,1,1,0.000000,"XD:X11=0,IMM:0,"
SIGNEXT,0x1168bdd8,SCALAR,1,1,0.000000,"dtype:S32,XD:X0=0x2,XN:X0=0x2,"
MOVX8_XD_IMM,0x1168bd48,SCALAR,1,1,0.000000,"XD:X4=0x20000,IMM:0x4000,"
MOVX8_XD_IMM,0x1168ba7c,SCALAR,1,1,0.000000,"XD:X4=0x20000,IMM:0x4000,"
ADD,0x1168b8e8,SCALAR,1,1,0.000000,"dtype:S64,XD:X29=0x107f40,XN:X29=0x107f40,XM:X15=0,"
ADD_IMM,0x1168baa0,SCALAR,1,1,0.000000,"dtype:S64,XD:X1=0x207ee0,XN:X30=0x207c20,IMM:0x2c0,"
SUB_IMM,0x1168baa4,SCALAR,1,1,0.000000,"dtype:S64,XD:X2=0x207970,XN:X30=0x207c20,IMM:0x2b0,"
MOVX8_XD_IMM,0x1168baa8,SCALAR,1,1,0.000000,"XD:X4=0x30000,IMM:0x6000,"
MOV_XD_IMM,0x1168baac,SCALAR,1,1,0.000000,"XD:X3=0x5,IMM:0x5,"
MOV_XD_IMM,0x1168bad0,SCALAR,1,1,0.000000,"XD:X2=0x9,IMM:0x9,"
SUB_IMM,0x1168bad4,SCALAR,1,1,0.000000,"dtype:S64,XD:X1=0x207933,XN:X30=0x207c20,IMM:0x2ed,"
MOV_XD_SPR,0x1168b8e4,SCALAR,1,1,0.000000,"XD:X15=0,SPR:SYS_VA_BASE,"
ADD_IMM,0x1168bd1c,SCALAR,1,1,0.000000,"dtype:S64,XD:X3=0x207ee0,XN:X30=0x207c20,IMM:0x2c0,"
SUB_IMM,0x1168bd24,SCALAR,1,1,0.000000,"dtype:S64,XD:X10=0x207560,XN:X30=0x207c20,IMM:0x6c0,"
MOV_XD_XN,0x1168bd2c,SCALAR,1,1,0.000000,"dtype:S64,XD:X4=0x207560,XN:X10=0x207560,"
INSERT_XD,0x1168bd30,SCALAR,1,1,0.000000,"XD:X4=0x207564,IMM:0x1,POSITION:0x2,EXT:0,"
SUB,0x1168bd4c,SCALAR,1,1,0.000000,"dtype:S64,XD:X6=0x10000,XN:X0=0x30000,XM:X4=0x20000,"
JUMPC,0x1168e138,FLOWCTRL,1,0,0.000000,"TargetPC:0x1168e13c,cond_flag:0"
JUMP,0x1168e13c,FLOWCTRL,1,0,0.000000,"TargetPC:0x1168e140"
NOP,0x1168e17c,FLOWCTRL,1,0,0.000000,""
END,0x1168e184,FLOWCTRL,1,0,0.000000,""
SET_FLAG,0x1168bddc,VECTOR,1,0,0.000000,"PIPE:VEC,TRIGGERPIPE:MTE2,FLAGID:0,"
JUMPC,0x1168bebc,FLOWCTRL,1,0,0.000000,"TargetPC:0x1168bec0,cond_flag:1"
SET_FLAG,0x1168bde4,VECTOR,1,0,0.000000,"PIPE:VEC,TRIGGERPIPE:MTE2,FLAGID:2,"
SET_FLAG,0x1168bdf0,MTE3,1,0,0.000000,"PIPE:MTE3,TRIGGERPIPE:MTE2,FLAGID:0,"
JUMPC,0x1168bb14,FLOWCTRL,5,0,0.000000,"TargetPC:0x1168bb18,cond_flag:1"
JUMP,0x1168bb08,FLOWCTRL,1,0,0.000000,"TargetPC:0x1168bb0c"
JUMPCMP,0x1168bb04,FLOWCTRL,5,0,0.000000,"TargetPC:0,CMP_dtype:U64,XN:X2=0x1,Condition_op:2,FC_type:IMM,IMM:0x2CMP_type:REG,XM:X4=0x5,"
JUMP,0x1168bae0,FLOWCTRL,1,0,0.000000,"TargetPC:0x1168bb0c"
SET_FLAG,0x1168be74,VECTOR,1,0,0.000000,"PIPE:VEC,TRIGGERPIPE:MTE2,FLAGID:1,"
SET_FLAG,0x1168be7c,VECTOR,1,0,0.000000,"PIPE:VEC,TRIGGERPIPE:MTE2,FLAGID:3,"
SET_FLAG,0x1168be84,MTE3,1,0,0.000000,"PIPE:MTE3,TRIGGERPIPE:MTE2,FLAGID:1,"
JUMPC,0x1168dea8,FLOWCTRL,1,0,0.000000,"TargetPC:0x1168deac,cond_flag:1"
JUMP,0x1168bed0,FLOWCTRL,1,0,0.000000,"TargetPC:0"
MOV_SPR_XN,0x1168b980,SCALAR,1,0,0.000000,"SPR:CTRL,XN:X0=0,"
WAIT_FLAG,0x1168de70,MTE2,1,0,0.000000,"PIPE:VEC,TRIGGERPIPE:MTE2,FLAGID:0,"
WAIT_FLAG,0x1168de78,MTE2,1,0,0.000000,"PIPE:VEC,TRIGGERPIPE:MTE2,FLAGID:2,"
WAIT_FLAG,0x1168de84,MTE2,1,0,0.000000,"PIPE:MTE3,TRIGGERPIPE:MTE2,FLAGID:0,"
MOV_SPR_XN,0x1168b970,SCALAR,1,0,0.000000,"SPR:CTRL,XN:X0=0,"
WAIT_FLAG,0x1168de8c,MTE2,1,0,0.000000,"PIPE:VEC,TRIGGERPIPE:MTE2,FLAGID:1,"
WAIT_FLAG,0x1168de98,MTE2,1,0,0.000000,"PIPE:VEC,TRIGGERPIPE:MTE2,FLAGID:3,"
WAIT_FLAG,0x1168dea4,MTE2,1,0,0.000000,"PIPE:MTE3,TRIGGERPIPE:MTE2,FLAGID:1,"
